name,avatar,thumbnail,favorite,waiting,attending,organizing
Lora Howe,https://s3.amazonaws.com/uifaces/faces/twitter/geran7/128.jpg,https://s3.amazonaws.com/uifaces/faces/twitter/geran7/128.jpg,0,0,0,0
Travis Jenkins,https://s3.amazonaws.com/uifaces/faces/twitter/zackeeler/128.jpg,https://s3.amazonaws.com/uifaces/faces/twitter/zackeeler/128.jpg,1,0,0,0
Emmalee Spinka,https://s3.amazonaws.com/uifaces/faces/twitter/kvasnic/128.jpg,https://s3.amazonaws.com/uifaces/faces/twitter/kvasnic/128.jpg,1,0,0,0
Emelia Torp Sr.,https://s3.amazonaws.com/uifaces/faces/twitter/sawrb/128.jpg,https://s3.amazonaws.com/uifaces/faces/twitter/sawrb/128.jpg,1,0,0,0
Claud Heaney,https://s3.amazonaws.com/uifaces/faces/twitter/_kkga/128.jpg,https://s3.amazonaws.com/uifaces/faces/twitter/_kkga/128.jpg,1,0,0,0
Marilyne Simonis DVM,https://s3.amazonaws.com/uifaces/faces/twitter/rtgibbons/128.jpg,https://s3.amazonaws.com/uifaces/faces/twitter/rtgibbons/128.jpg,0,0,0,0
Jalyn Walker,https://s3.amazonaws.com/uifaces/faces/twitter/commadelimited/128.jpg,https://s3.amazonaws.com/uifaces/faces/twitter/commadelimited/128.jpg,0,0,0,0
Reed Marks,https://s3.amazonaws.com/uifaces/faces/twitter/chadengle/128.jpg,https://s3.amazonaws.com/uifaces/faces/twitter/chadengle/128.jpg,1,0,0,0
Jean Hickle,https://s3.amazonaws.com/uifaces/faces/twitter/jcubic/128.jpg,https://s3.amazonaws.com/uifaces/faces/twitter/jcubic/128.jpg,1,0,0,0
Nathaniel Huels,https://s3.amazonaws.com/uifaces/faces/twitter/kosmar/128.jpg,https://s3.amazonaws.com/uifaces/faces/twitter/kosmar/128.jpg,0,0,0,0
Bettye Nitzsche,https://s3.amazonaws.com/uifaces/faces/twitter/holdenweb/128.jpg,https://s3.amazonaws.com/uifaces/faces/twitter/holdenweb/128.jpg,0,0,0,0
Jordane O'Reilly,https://s3.amazonaws.com/uifaces/faces/twitter/yecidsm/128.jpg,https://s3.amazonaws.com/uifaces/faces/twitter/yecidsm/128.jpg,1,0,0,0
Kiley Pollich,https://s3.amazonaws.com/uifaces/faces/twitter/brunodesign1206/128.jpg,https://s3.amazonaws.com/uifaces/faces/twitter/brunodesign1206/128.jpg,0,0,7,7
Tristian Bahringer,https://s3.amazonaws.com/uifaces/faces/twitter/kolage/128.jpg,https://s3.amazonaws.com/uifaces/faces/twitter/kolage/128.jpg,1,0,7,7
Elta Dicki,https://s3.amazonaws.com/uifaces/faces/twitter/agromov/128.jpg,https://s3.amazonaws.com/uifaces/faces/twitter/agromov/128.jpg,0,0,7,0
Michele Rempel,https://s3.amazonaws.com/uifaces/faces/twitter/laasli/128.jpg,https://s3.amazonaws.com/uifaces/faces/twitter/laasli/128.jpg,0,0,7,0
Kayla Becker,https://s3.amazonaws.com/uifaces/faces/twitter/m_kalibry/128.jpg,https://s3.amazonaws.com/uifaces/faces/twitter/m_kalibry/128.jpg,1,0,7,0
Samson Towne,https://s3.amazonaws.com/uifaces/faces/twitter/manekenthe/128.jpg,https://s3.amazonaws.com/uifaces/faces/twitter/manekenthe/128.jpg,0,7,0,0
Imelda Hessel,https://s3.amazonaws.com/uifaces/faces/twitter/bennyjien/128.jpg,https://s3.amazonaws.com/uifaces/faces/twitter/bennyjien/128.jpg,1,7,0,0
Colt Mann,https://s3.amazonaws.com/uifaces/faces/twitter/desastrozo/128.jpg,https://s3.amazonaws.com/uifaces/faces/twitter/desastrozo/128.jpg,1,7,0,0
Virginia Jacobson,https://s3.amazonaws.com/uifaces/faces/twitter/_williamguerra/128.jpg,https://s3.amazonaws.com/uifaces/faces/twitter/_williamguerra/128.jpg,1,7,0,0
Natalie Greenfelder I,https://s3.amazonaws.com/uifaces/faces/twitter/jedbridges/128.jpg,https://s3.amazonaws.com/uifaces/faces/twitter/jedbridges/128.jpg,1,0,8,8
Denis Leannon,https://s3.amazonaws.com/uifaces/faces/twitter/adammarsbar/128.jpg,https://s3.amazonaws.com/uifaces/faces/twitter/adammarsbar/128.jpg,0,0,8,8
Juston Friesen,https://s3.amazonaws.com/uifaces/faces/twitter/txcx/128.jpg,https://s3.amazonaws.com/uifaces/faces/twitter/txcx/128.jpg,1,0,8,0
Alexandria Hettinger,https://s3.amazonaws.com/uifaces/faces/twitter/matt3224/128.jpg,https://s3.amazonaws.com/uifaces/faces/twitter/matt3224/128.jpg,1,0,8,0
Tevin Breitenberg,https://s3.amazonaws.com/uifaces/faces/twitter/_yardenoon/128.jpg,https://s3.amazonaws.com/uifaces/faces/twitter/_yardenoon/128.jpg,1,0,8,0
Dr. Janie Kihn,https://s3.amazonaws.com/uifaces/faces/twitter/snowwrite/128.jpg,https://s3.amazonaws.com/uifaces/faces/twitter/snowwrite/128.jpg,1,0,8,0
Verlie Ryan,https://s3.amazonaws.com/uifaces/faces/twitter/teddyzetterlund/128.jpg,https://s3.amazonaws.com/uifaces/faces/twitter/teddyzetterlund/128.jpg,0,8,0,0
Cynthia Jaskolski III,https://s3.amazonaws.com/uifaces/faces/twitter/osmanince/128.jpg,https://s3.amazonaws.com/uifaces/faces/twitter/osmanince/128.jpg,1,8,0,0
Aubrey Huels Sr.,https://s3.amazonaws.com/uifaces/faces/twitter/HenryHoffman/128.jpg,https://s3.amazonaws.com/uifaces/faces/twitter/HenryHoffman/128.jpg,0,0,9,9
Miss Abagail Lang,https://s3.amazonaws.com/uifaces/faces/twitter/popey/128.jpg,https://s3.amazonaws.com/uifaces/faces/twitter/popey/128.jpg,0,0,9,9
Cloyd Renner,https://s3.amazonaws.com/uifaces/faces/twitter/scottfeltham/128.jpg,https://s3.amazonaws.com/uifaces/faces/twitter/scottfeltham/128.jpg,0,0,9,0
Martin Kunde,https://s3.amazonaws.com/uifaces/faces/twitter/vc27/128.jpg,https://s3.amazonaws.com/uifaces/faces/twitter/vc27/128.jpg,0,0,9,0
Miss Mario Carter,https://s3.amazonaws.com/uifaces/faces/twitter/estebanuribe/128.jpg,https://s3.amazonaws.com/uifaces/faces/twitter/estebanuribe/128.jpg,1,0,9,0
Camille Lueilwitz,https://s3.amazonaws.com/uifaces/faces/twitter/jesseddy/128.jpg,https://s3.amazonaws.com/uifaces/faces/twitter/jesseddy/128.jpg,1,0,9,0
Loy Morar,https://s3.amazonaws.com/uifaces/faces/twitter/vm_f/128.jpg,https://s3.amazonaws.com/uifaces/faces/twitter/vm_f/128.jpg,1,0,9,0
Kaylee Ward,https://s3.amazonaws.com/uifaces/faces/twitter/curiousoffice/128.jpg,https://s3.amazonaws.com/uifaces/faces/twitter/curiousoffice/128.jpg,1,0,9,0
Kayli Wintheiser,https://s3.amazonaws.com/uifaces/faces/twitter/dc_user/128.jpg,https://s3.amazonaws.com/uifaces/faces/twitter/dc_user/128.jpg,1,0,9,0
Elias Runte,https://s3.amazonaws.com/uifaces/faces/twitter/popey/128.jpg,https://s3.amazonaws.com/uifaces/faces/twitter/popey/128.jpg,1,0,9,0
Dr. Katelin Lindgren,https://s3.amazonaws.com/uifaces/faces/twitter/ratbus/128.jpg,https://s3.amazonaws.com/uifaces/faces/twitter/ratbus/128.jpg,1,9,0,0
Javier Olson,https://s3.amazonaws.com/uifaces/faces/twitter/keryilmaz/128.jpg,https://s3.amazonaws.com/uifaces/faces/twitter/keryilmaz/128.jpg,1,9,0,0
Gerald Crist,https://s3.amazonaws.com/uifaces/faces/twitter/amayvs/128.jpg,https://s3.amazonaws.com/uifaces/faces/twitter/amayvs/128.jpg,1,9,0,0
Ms. Angus Kunze,https://s3.amazonaws.com/uifaces/faces/twitter/vimarethomas/128.jpg,https://s3.amazonaws.com/uifaces/faces/twitter/vimarethomas/128.jpg,1,9,0,0
Marilou Keeling,https://s3.amazonaws.com/uifaces/faces/twitter/lhausermann/128.jpg,https://s3.amazonaws.com/uifaces/faces/twitter/lhausermann/128.jpg,0,9,0,0
Christ Mueller,https://s3.amazonaws.com/uifaces/faces/twitter/geshan/128.jpg,https://s3.amazonaws.com/uifaces/faces/twitter/geshan/128.jpg,0,9,0,0
Aiyana Kuphal,https://s3.amazonaws.com/uifaces/faces/twitter/kushsolitary/128.jpg,https://s3.amazonaws.com/uifaces/faces/twitter/kushsolitary/128.jpg,1,9,0,0
